Group,Name,Sequence,Type
Articv3_1,nCoV-2019_1_LEFT,ACCAACCAACTTTCGATCTCTTGT,F
Articv3_1,nCoV-2019_1_RIGHT,CATCTTTAAGATGTTGACGTGCCTC,R
Articv3_2,nCoV-2019_2_LEFT,CTGTTTTACAGGTTCGCGACGT,F
Articv3_2,nCoV-2019_2_RIGHT,TAAGGATCAGTGCCAAGCTCGT,R
Articv3_3,nCoV-2019_3_LEFT,CGGTAATAAAGGAGCTGGTGGC,F
Articv3_3,nCoV-2019_3_RIGHT,AAGGTGTCTGCAATTCATAGCTCT,R
Articv3_4,nCoV-2019_4_LEFT,GGTGTATACTGCTGCCGTGAAC,F
Articv3_4,nCoV-2019_4_RIGHT,CACAAGTAGTGGCACCTTCTTTAGT,R
Articv3_5,nCoV-2019_5_LEFT,TGGTGAAACTTCATGGCAGACG,F
Articv3_5,nCoV-2019_5_RIGHT,ATTGATGTTGACTTTCTCTTTTTGGAGT,R
Articv3_6,nCoV-2019_6_LEFT,GGTGTTGTTGGAGAAGGTTCCG,F
Articv3_6,nCoV-2019_6_RIGHT,TAGCGGCCTTCTGTAAAACACG,R
Articv3_7,nCoV-2019_7_LEFT,ATCAGAGGCTGCTCGTGTTGTA,F
Articv3_7,nCoV-2019_7_LEFT_alt0,CATTTGCATCAGAGGCTGCTCG,F
Articv3_7,nCoV-2019_7_RIGHT,TGCACAGGTGACAATTTGTCCA,R
Articv3_7,nCoV-2019_7_RIGHT_alt5,AGGTGACAATTTGTCCACCGAC,R
Articv3_8,nCoV-2019_8_LEFT,AGAGTTTCTTAGAGACGGTTGGGA,F
Articv3_8,nCoV-2019_8_RIGHT,GCTTCAACAGCTTCACTAGTAGGT,R
Articv3_9,nCoV-2019_9_LEFT,TCCCACAGAAGTGTTAACAGAGGA,F
Articv3_9,nCoV-2019_9_LEFT_alt4,TTCCCACAGAAGTGTTAACAGAGG,F
Articv3_9,nCoV-2019_9_RIGHT,ATGACAGCATCTGCCACAACAC,R
Articv3_9,nCoV-2019_9_RIGHT_alt2,GACAGCATCTGCCACAACACAG,R
Articv3_10,nCoV-2019_10_LEFT,TGAGAAGTGCTCTGCCTATACAGT,F
Articv3_10,nCoV-2019_10_RIGHT,TCATCTAACCAATCTTCTTCTTGCTCT,R
Articv3_11,nCoV-2019_11_LEFT,GGAATTTGGTGCCACTTCTGCT,F
Articv3_11,nCoV-2019_11_RIGHT,TCATCAGATTCAACTTGCATGGCA,R
Articv3_12,nCoV-2019_12_LEFT,AAACATGGAGGAGGTGTTGCAG,F
Articv3_12,nCoV-2019_12_RIGHT,TTCACTCTTCATTTCCAAAAAGCTTGA,R
Articv3_13,nCoV-2019_13_LEFT,TCGCACAAATGTCTACTTAGCTGT,F
Articv3_13,nCoV-2019_13_RIGHT,ACCACAGCAGTTAAAACACCCT,R
Articv3_14,nCoV-2019_14_LEFT,CATCCAGATTCTGCCACTCTTGT,F
Articv3_14,nCoV-2019_14_LEFT_alt4,TGGCAATCTTCATCCAGATTCTGC,F
Articv3_14,nCoV-2019_14_RIGHT,AGTTTCCACACAGACAGGCATT,R
Articv3_14,nCoV-2019_14_RIGHT_alt2,TGCGTGTTTCTTCTGCATGTGC,R
Articv3_15,nCoV-2019_15_LEFT,ACAGTGCTTAAAAAGTGTAAAAGTGCC,F
Articv3_15,nCoV-2019_15_LEFT_alt1,AGTGCTTAAAAAGTGTAAAAGTGCCT,F
Articv3_15,nCoV-2019_15_RIGHT,AACAGAAACTGTAGCTGGCACT,R
Articv3_15,nCoV-2019_15_RIGHT_alt3,ACTGTAGCTGGCACTTTGAGAGA,R
Articv3_16,nCoV-2019_16_LEFT,AATTTGGAAGAAGCTGCTCGGT,F
Articv3_16,nCoV-2019_16_RIGHT,CACAACTTGCGTGTGGAGGTTA,R
Articv3_17,nCoV-2019_17_LEFT,CTTCTTTCTTTGAGAGAAGTGAGGACT,F
Articv3_17,nCoV-2019_17_RIGHT,TTTGTTGGAGTGTTAACAATGCAGT,R
Articv3_18,nCoV-2019_18_LEFT,TGGAAATACCCACAAGTTAATGGTTTAAC,F
Articv3_18,nCoV-2019_18_LEFT_alt2,ACTTCTATTAAATGGGCAGATAACAACTGT,F
Articv3_18,nCoV-2019_18_RIGHT,AGCTTGTTTACCACACGTACAAGG,R
Articv3_18,nCoV-2019_18_RIGHT_alt1,GCTTGTTTACCACACGTACAAGG,R
Articv3_19,nCoV-2019_19_LEFT,GCTGTTATGTACATGGGCACACT,F
Articv3_19,nCoV-2019_19_RIGHT,TGTCCAACTTAGGGTCAATTTCTGT,R
Articv3_20,nCoV-2019_20_LEFT,ACAAAGAAAACAGTTACACAACAACCA,F
Articv3_20,nCoV-2019_20_RIGHT,ACGTGGCTTTATTAGTTGCATTGTT,R
Articv3_21,nCoV-2019_21_LEFT,TGGCTATTGATTATAAACACTACACACCC,F
Articv3_21,nCoV-2019_21_LEFT_alt2,GGCTATTGATTATAAACACTACACACCCT,F
Articv3_21,nCoV-2019_21_RIGHT,TAGATCTGTGTGGCCAACCTCT,R
Articv3_21,nCoV-2019_21_RIGHT_alt0,GATCTGTGTGGCCAACCTCTTC,R
Articv3_22,nCoV-2019_22_LEFT,ACTACCGAAGTTGTAGGAGACATTATACT,F
Articv3_22,nCoV-2019_22_RIGHT,ACAGTATTCTTTGCTATAGTAGTCGGC,R
Articv3_23,nCoV-2019_23_LEFT,ACAACTACTAACATAGTTACACGGTGT,F
Articv3_23,nCoV-2019_23_RIGHT,ACCAGTACAGTAGGTTGCAATAGTG,R
Articv3_24,nCoV-2019_24_LEFT,AGGCATGCCTTCTTACTGTACTG,F
Articv3_24,nCoV-2019_24_RIGHT,ACATTCTAACCATAGCTGAAATCGGG,R
Articv3_25,nCoV-2019_25_LEFT,GCAATTGTTTTTCAGCTATTTTGCAGT,F
Articv3_25,nCoV-2019_25_RIGHT,ACTGTAGTGACAAGTCTCTCGCA,R
Articv3_26,nCoV-2019_26_LEFT,TTGTGATACATTCTGTGCTGGTAGT,F
Articv3_26,nCoV-2019_26_RIGHT,TCCGCACTATCACCAACATCAG,R
Articv3_27,nCoV-2019_27_LEFT,ACTACAGTCAGCTTATGTGTCAACC,F
Articv3_27,nCoV-2019_27_RIGHT,AATACAAGCACCAAGGTCACGG,R
Articv3_28,nCoV-2019_28_LEFT,ACATAGAAGTTACTGGCGATAGTTGT,F
Articv3_28,nCoV-2019_28_RIGHT,TGTTTAGACATGACATGAACAGGTGT,R
Articv3_29,nCoV-2019_29_LEFT,ACTTGTGTTCCTTTTTGTTGCTGC,F
Articv3_29,nCoV-2019_29_RIGHT,AGTGTACTCTATAAGTTTTGATGGTGTGT,R
Articv3_30,nCoV-2019_30_LEFT,GCACAACTAATGGTGACTTTTTGCA,F
Articv3_30,nCoV-2019_30_RIGHT,ACCACTAGTAGATACACAAACACCAG,R
Articv3_31,nCoV-2019_31_LEFT,TTCTGAGTACTGTAGGCACGGC,F
Articv3_31,nCoV-2019_31_RIGHT,ACAGAATAAACACCAGGTAAGAATGAGT,R
Articv3_32,nCoV-2019_32_LEFT,TGGTGAATACAGTCATGTAGTTGCC,F
Articv3_32,nCoV-2019_32_RIGHT,AGCACATCACTACGCAACTTTAGA,R
Articv3_33,nCoV-2019_33_LEFT,ACTTTTGAAGAAGCTGCGCTGT,F
Articv3_33,nCoV-2019_33_RIGHT,TGGACAGTAAACTACGTCATCAAGC,R
Articv3_34,nCoV-2019_34_LEFT,TCCCATCTGGTAAAGTTGAGGGT,F
Articv3_34,nCoV-2019_34_RIGHT,AGTGAAATTGGGCCTCATAGCA,R
Articv3_35,nCoV-2019_35_LEFT,TGTTCGCATTCAACCAGGACAG,F
Articv3_35,nCoV-2019_35_RIGHT,ACTTCATAGCCACAAGGTTAAAGTCA,R
Articv3_36,nCoV-2019_36_LEFT,TTAGCTTGGTTGTACGCTGCTG,F
Articv3_36,nCoV-2019_36_RIGHT,GAACAAAGACCATTGAGTACTCTGGA,R
Articv3_37,nCoV-2019_37_LEFT,ACACACCACTGGTTGTTACTCAC,F
Articv3_37,nCoV-2019_37_RIGHT,GTCCACACTCTCCTAGCACCAT,R
Articv3_38,nCoV-2019_38_LEFT,ACTGTGTTATGTATGCATCAGCTGT,F
Articv3_38,nCoV-2019_38_RIGHT,CACCAAGAGTCAGTCTAAAGTAGCG,R
Articv3_39,nCoV-2019_39_LEFT,AGTATTGCCCTATTTTCTTCATAACTGGT,F
Articv3_39,nCoV-2019_39_RIGHT,TGTAACTGGACACATTGAGCCC,R
Articv3_40,nCoV-2019_40_LEFT,TGCACATCAGTAGTCTTACTCTCAGT,F
Articv3_40,nCoV-2019_40_RIGHT,CATGGCTGCATCACGGTCAAAT,R
Articv3_41,nCoV-2019_41_LEFT,GTTCCCTTCCATCATATGCAGCT,F
Articv3_41,nCoV-2019_41_RIGHT,TGGTATGACAACCATTAGTTTGGCT,R
Articv3_42,nCoV-2019_42_LEFT,TGCAAGAGATGGTTGTGTTCCC,F
Articv3_42,nCoV-2019_42_RIGHT,CCTACCTCCCTTTGTTGTGTTGT,R
Articv3_43,nCoV-2019_43_LEFT,TACGACAGATGTCTTGTGCTGC,F
Articv3_43,nCoV-2019_43_RIGHT,AGCAGCATCTACAGCAAAAGCA,R
Articv3_44,nCoV-2019_44_LEFT,TGCCACAGTACGTCTACAAGCT,F
Articv3_44,nCoV-2019_44_LEFT_alt3,CCACAGTACGTCTACAAGCTGG,F
Articv3_44,nCoV-2019_44_RIGHT,AACCTTTCCACATACCGCAGAC,R
Articv3_44,nCoV-2019_44_RIGHT_alt0,CGCAGACGGTACAGACTGTGTT,R
Articv3_45,nCoV-2019_45_LEFT,TACCTACAACTTGTGCTAATGACCC,F
Articv3_45,nCoV-2019_45_LEFT_alt2,AGTATGTACAAATACCTACAACTTGTGCT,F
Articv3_45,nCoV-2019_45_RIGHT,AAATTGTTTCTTCATGTTGGTAGTTAGAGA,R
Articv3_45,nCoV-2019_45_RIGHT_alt7,TTCATGTTGGTAGTTAGAGAAAGTGTGTC,R
Articv3_46,nCoV-2019_46_LEFT,TGTCGCTTCCAAGAAAAGGACG,F
Articv3_46,nCoV-2019_46_LEFT_alt1,CGCTTCCAAGAAAAGGACGAAGA,F
Articv3_46,nCoV-2019_46_RIGHT,CACGTTCACCTAAGTTGGCGTA,R
Articv3_46,nCoV-2019_46_RIGHT_alt2,CACGTTCACCTAAGTTGGCGTAT,R
Articv3_47,nCoV-2019_47_LEFT,AGGACTGGTATGATTTTGTAGAAAACCC,F
Articv3_47,nCoV-2019_47_RIGHT,AATAACGGTCAAAGAGTTTTAACCTCTC,R
Articv3_48,nCoV-2019_48_LEFT,TGTTGACACTGACTTAACAAAGCCT,F
Articv3_48,nCoV-2019_48_RIGHT,TAGATTACCAGAAGCAGCGTGC,R
Articv3_49,nCoV-2019_49_LEFT,AGGAATTACTTGTGTATGCTGCTGA,F
Articv3_49,nCoV-2019_49_RIGHT,TGACGATGACTTGGTTAGCATTAATACA,R
Articv3_50,nCoV-2019_50_LEFT,GTTGATAAGTACTTTGATTGTTACGATGGT,F
Articv3_50,nCoV-2019_50_RIGHT,TAACATGTTGTGCCAACCACCA,R
Articv3_51,nCoV-2019_51_LEFT,TCAATAGCCGCCACTAGAGGAG,F
Articv3_51,nCoV-2019_51_RIGHT,AGTGCATTAACATTGGCCGTGA,R
Articv3_52,nCoV-2019_52_LEFT,CATCAGGAGATGCCACAACTGC,F
Articv3_52,nCoV-2019_52_RIGHT,GTTGAGAGCAAAATTCATGAGGTCC,R
Articv3_53,nCoV-2019_53_LEFT,AGCAAAATGTTGGACTGAGACTGA,F
Articv3_53,nCoV-2019_53_RIGHT,AGCCTCATAAAACTCAGGTTCCC,R
Articv3_54,nCoV-2019_54_LEFT,TGAGTTAACAGGACACATGTTAGACA,F
Articv3_54,nCoV-2019_54_RIGHT,AACCAAAAACTTGTCCATTAGCACA,R
Articv3_55,nCoV-2019_55_LEFT,ACTCAACTTTACTTAGGAGGTATGAGCT,F
Articv3_55,nCoV-2019_55_RIGHT,GGTGTACTCTCCTATTTGTACTTTACTGT,R
Articv3_56,nCoV-2019_56_LEFT,ACCTAGACCACCACTTAACCGA,F
Articv3_56,nCoV-2019_56_RIGHT,ACACTATGCGAGCAGAAGGGTA,R
Articv3_57,nCoV-2019_57_LEFT,ATTCTACACTCCAGGGACCACC,F
Articv3_57,nCoV-2019_57_RIGHT,GTAATTGAGCAGGGTCGCCAAT,R
Articv3_58,nCoV-2019_58_LEFT,TGATTTGAGTGTTGTCAATGCCAGA,F
Articv3_58,nCoV-2019_58_RIGHT,CTTTTCTCCAAGCAGGGTTACGT,R
Articv3_59,nCoV-2019_59_LEFT,TCACGCATGATGTTTCATCTGCA,F
Articv3_59,nCoV-2019_59_RIGHT,AAGAGTCCTGTTACATTTTCAGCTTG,R
Articv3_60,nCoV-2019_60_LEFT,TGATAGAGACCTTTATGACAAGTTGCA,F
Articv3_60,nCoV-2019_60_RIGHT,GGTACCAACAGCTTCTCTAGTAGC,R
Articv3_61,nCoV-2019_61_LEFT,TGTTTATCACCCGCGAAGAAGC,F
Articv3_61,nCoV-2019_61_RIGHT,ATCACATAGACAACAGGTGCGC,R
Articv3_62,nCoV-2019_62_LEFT,GGCACATGGCTTTGAGTTGACA,F
Articv3_62,nCoV-2019_62_RIGHT,GTTGAACCTTTCTACAAGCCGC,R
Articv3_63,nCoV-2019_63_LEFT,TGTTAAGCGTGTTGACTGGACT,F
Articv3_63,nCoV-2019_63_RIGHT,ACAAACTGCCACCATCACAACC,R
Articv3_64,nCoV-2019_64_LEFT,TCGATAGATATCCTGCTAATTCCATTGT,F
Articv3_64,nCoV-2019_64_RIGHT,AGTCTTGTAAAAGTGTTCCAGAGGT,R
Articv3_65,nCoV-2019_65_LEFT,GCTGGCTTTAGCTTGTGGGTTT,F
Articv3_65,nCoV-2019_65_RIGHT,TGTCAGTCATAGAACAAACACCAATAGT,R
Articv3_66,nCoV-2019_66_LEFT,GGGTGTGGACATTGCTGCTAAT,F
Articv3_66,nCoV-2019_66_RIGHT,TCAATTTCCATTTGACTCCTGGGT,R
Articv3_67,nCoV-2019_67_LEFT,GTTGTCCAACAATTACCTGAAACTTACT,F
Articv3_67,nCoV-2019_67_RIGHT,CAACCTTAGAAACTACAGATAAATCTTGGG,R
Articv3_68,nCoV-2019_68_LEFT,ACAGGTTCATCTAAGTGTGTGTGT,F
Articv3_68,nCoV-2019_68_RIGHT,CTCCTTTATCAGAACCAGCACCA,R
Articv3_69,nCoV-2019_69_LEFT,TGTCGCAAAATATACTCAACTGTGTCA,F
Articv3_69,nCoV-2019_69_RIGHT,TCTTTATAGCCACGGAACCTCCA,R
Articv3_70,nCoV-2019_70_LEFT,ACAAAAGAAAATGACTCTAAAGAGGGTTT,F
Articv3_70,nCoV-2019_70_RIGHT,TGACCTTCTTTTAAAGACATAACAGCAG,R
Articv3_71,nCoV-2019_71_LEFT,ACAAATCCAATTCAGTTGTCTTCCTATTC,F
Articv3_71,nCoV-2019_71_RIGHT,TGGAAAAGAAAGGTAAGAACAAGTCCT,R
Articv3_72,nCoV-2019_72_LEFT,ACACGTGGTGTTTATTACCCTGAC,F
Articv3_72,nCoV-2019_72_RIGHT,ACTCTGAACTCACTTTCCATCCAAC,R
Articv3_73,nCoV-2019_73_LEFT,CAATTTTGTAATGATCCATTTTTGGGTGT,F
Articv3_73,nCoV-2019_73_RIGHT,CACCAGCTGTCCAACCTGAAGA,R
Articv3_74,nCoV-2019_74_LEFT,ACATCACTAGGTTTCAAACTTTACTTGC,F
Articv3_74,nCoV-2019_74_RIGHT,GCAACACAGTTGCTGATTCTCTTC,R
Articv3_75,nCoV-2019_75_LEFT,AGAGTCCAACCAACAGAATCTATTGT,F
Articv3_75,nCoV-2019_75_RIGHT,ACCACCAACCTTAGAATCAAGATTGT,R
Articv3_76,nCoV-2019_76_LEFT,AGGGCAAACTGGAAAGATTGCT,F
Articv3_76,nCoV-2019_76_LEFT_alt3,GGGCAAACTGGAAAGATTGCTGA,F
Articv3_76,nCoV-2019_76_RIGHT,ACACCTGTGCCTGTTAAACCAT,R
Articv3_76,nCoV-2019_76_RIGHT_alt0,ACCTGTGCCTGTTAAACCATTGA,R
Articv3_77,nCoV-2019_77_LEFT,CCAGCAACTGTTTGTGGACCTA,F
Articv3_77,nCoV-2019_77_RIGHT,CAGCCCCTATTAAACAGCCTGC,R
Articv3_78,nCoV-2019_78_LEFT,CAACTTACTCCTACTTGGCGTGT,F
Articv3_78,nCoV-2019_78_RIGHT,TGTGTACAAAAACTGCCATATTGCA,R
Articv3_79,nCoV-2019_79_LEFT,GTGGTGATTCAACTGAATGCAGC,F
Articv3_79,nCoV-2019_79_RIGHT,CATTTCATCTGTGAGCAAAGGTGG,R
Articv3_80,nCoV-2019_80_LEFT,TTGCCTTGGTGATATTGCTGCT,F
Articv3_80,nCoV-2019_80_RIGHT,TGGAGCTAAGTTGTTTAACAAGCG,R
Articv3_81,nCoV-2019_81_LEFT,GCACTTGGAAAACTTCAAGATGTGG,F
Articv3_81,nCoV-2019_81_RIGHT,GTGAAGTTCTTTTCTTGTGCAGGG,R
Articv3_82,nCoV-2019_82_LEFT,GGGCTATCATCTTATGTCCTTCCCT,F
Articv3_82,nCoV-2019_82_RIGHT,TGCCAGAGATGTCACCTAAATCAA,R
Articv3_83,nCoV-2019_83_LEFT,TCCTTTGCAACCTGAATTAGACTCA,F
Articv3_83,nCoV-2019_83_RIGHT,TTTGACTCCTTTGAGCACTGGC,R
Articv3_84,nCoV-2019_84_LEFT,TGCTGTAGTTGTCTCAAGGGCT,F
Articv3_84,nCoV-2019_84_RIGHT,AGGTGTGAGTAAACTGTTACAAACAAC,R
Articv3_85,nCoV-2019_85_LEFT,ACTAGCACTCTCCAAGGGTGTT,F
Articv3_85,nCoV-2019_85_RIGHT,ACACAGTCTTTTACTCCAGATTCCC,R
Articv3_86,nCoV-2019_86_LEFT,TCAGGTGATGGCACAACAAGTC,F
Articv3_86,nCoV-2019_86_RIGHT,ACGAAAGCAAGAAAAAGAAGTACGC,R
Articv3_87,nCoV-2019_87_LEFT,CGACTACTAGCGTGCCTTTGTA,F
Articv3_87,nCoV-2019_87_RIGHT,ACTAGGTTCCATTGTTCAAGGAGC,R
Articv3_88,nCoV-2019_88_LEFT,CCATGGCAGATTCCAACGGTAC,F
Articv3_88,nCoV-2019_88_RIGHT,TGGTCAGAATAGTGCCATGGAGT,R
Articv3_89,nCoV-2019_89_LEFT,GTACGCGTTCCATGTGGTCATT,F
Articv3_89,nCoV-2019_89_LEFT_alt2,CGCGTTCCATGTGGTCATTCAA,F
Articv3_89,nCoV-2019_89_RIGHT,ACCTGAAAGTCAACGAGATGAAACA,R
Articv3_89,nCoV-2019_89_RIGHT_alt4,ACGAGATGAAACATCTGTTGTCACT,R
Articv3_90,nCoV-2019_90_LEFT,ACACAGACCATTCCAGTAGCAGT,F
Articv3_90,nCoV-2019_90_RIGHT,TGAAATGGTGAATTGCCCTCGT,R
Articv3_91,nCoV-2019_91_LEFT,TCACTACCAAGAGTGTGTTAGAGGT,F
Articv3_91,nCoV-2019_91_RIGHT,TTCAAGTGAGAACCAAAAGATAATAAGCA,R
Articv3_92,nCoV-2019_92_LEFT,TTTGTGCTTTTTAGCCTTTCTGCT,F
Articv3_92,nCoV-2019_92_RIGHT,AGGTTCCTGGCAATTAATTGTAAAAGG,R
Articv3_93,nCoV-2019_93_LEFT,TGAGGCTGGTTCTAAATCACCCA,F
Articv3_93,nCoV-2019_93_RIGHT,AGGTCTTCCTTGCCATGTTGAG,R
Articv3_94,nCoV-2019_94_LEFT,GGCCCCAAGGTTTACCCAATAA,F
Articv3_94,nCoV-2019_94_RIGHT,TTTGGCAATGTTGTTCCTTGAGG,R
Articv3_95,nCoV-2019_95_LEFT,TGAGGGAGCCTTGAATACACCA,F
Articv3_95,nCoV-2019_95_RIGHT,CAGTACGTTTTTGCCGAGGCTT,R
Articv3_96,nCoV-2019_96_LEFT,GCCAACAACAACAAGGCCAAAC,F
Articv3_96,nCoV-2019_96_RIGHT,TAGGCTCTGTTGGTGGGAATGT,R
Articv3_97,nCoV-2019_97_LEFT,TGGATGACAAAGATCCAAATTTCAAAGA,F
Articv3_97,nCoV-2019_97_RIGHT,ACACACTGATTAAAGATTGCTATGTGAG,R
Articv3_98,nCoV-2019_98_LEFT,AACAATTGCAACAATCCATGAGCA,F
Articv3_98,nCoV-2019_98_RIGHT,TTCTCCTAAGAAGCTATTAAAATCACATGG,R
